{"count":1,"self":1108.817408,"total":3390.2335329999996,"children":{"InitializeActuators":{"count":1,"self":0.0035009999999999998,"total":0.0035009999999999998,"children":null},"InitializeSensors":{"count":1,"self":0.001821,"total":0.001821,"children":null},"AgentSendState":{"count":5000101,"self":6.8722704,"total":16.225972,"children":{"CollectObservations":{"count":500011,"self":0.807735,"total":0.807735,"children":null},"WriteActionMask":{"count":500011,"self":0.37642699999999996,"total":0.37642699999999996,"children":null},"RequestDecision":{"count":500011,"self":1.948656,"total":8.16954,"children":{"AgentInfo.ToProto":{"count":500011,"self":1.930316,"total":6.220884,"children":{"GenerateSensorData":{"count":500011,"self":4.2905679999999995,"total":4.2905679999999995,"children":null}}}}}}},"DecideAction":{"count":5000101,"self":2244.4429311999997,"total":2244.4429769999997,"children":null},"AgentAct":{"count":5000101,"self":20.425207999999998,"total":20.74022,"children":{"AgentInfo.ToProto":{"count":28591,"self":0.10339799999999999,"total":0.31501199999999996,"children":{"GenerateSensorData":{"count":28591,"self":0.211614,"total":0.211614,"children":null}}}}}},"gauges":{"Jumper.CumulativeReward":{"count":28591,"max":22,"min":2,"runningAverage":8.770788,"value":15,"weightedAverage":11.01786}},"metadata":{"timer_format_version":"0.1.0","start_time_seconds":"1706383141","unity_version":"2021.2.15f1","command_line_arguments":"\/Applications\/Unity\/Hub\/Editor\/2021.2.15f1\/Unity.app\/Contents\/MacOS\/Unity -projectpath \/Users\/jaredwildermuth\/2D -useHub -hubIPC -cloudEnvironment production -licensingIpc LicenseClient-jaredwildermuth -hubSessionId b1065cb7-525c-4f78-b0e4-d3911c9a37b1 -accessToken bu6d81_8xt-k-Jva0vlBtz3AGGGHwbkKhn9XOm-eCg0002f","communication_protocol_version":"1.5.0","com.unity.ml-agents_version":"2.0.1","scene_name":"myScene","end_time_seconds":"1706386531"}}